"No.","Time","Source","Destination","Protocol","Length","Info"
"31","33.566454835","192.168.52.110","104.117.18.194","HTTP","125","GET / HTTP/1.1 "
"46","33.879163205","192.168.52.110","23.7.125.53","HTTP","129","GET / HTTP/1.1 "
"63","34.147117255","192.168.52.110","23.7.125.53","HTTP","149","GET /search/?q=hwtynifwnv HTTP/1.1 "
"86","34.403763932","192.168.52.110","23.7.125.53","HTTP","149","GET /search/?q=xxqrgwhtml HTTP/1.1 "
"105","34.630222533","192.168.52.110","23.7.125.53","HTTP","149","GET /search/?q=vawuftkjeq HTTP/1.1 "
"124","34.859398437","192.168.52.110","23.7.125.53","HTTP","149","GET /search/?q=ahiogytauv HTTP/1.1 "
"144","35.099937180","192.168.52.110","23.7.125.53","HTTP","149","GET /search/?q=cfgahkeysc HTTP/1.1 "
"163","35.333740858","192.168.52.110","23.7.125.53","HTTP","149","GET /search/?q=hvdcffvlnu HTTP/1.1 "
"182","35.807697293","192.168.52.110","23.7.125.53","HTTP","149","GET /search/?q=gubynugvsj HTTP/1.1 "
"211","36.038748640","192.168.52.110","23.7.125.53","HTTP","149","GET /search/?q=gkvsjceqmo HTTP/1.1 "
"230","36.333785089","192.168.52.110","23.7.125.53","HTTP","149","GET /search/?q=chtisgbads HTTP/1.1 "
"247","36.573776544","192.168.52.110","23.7.125.53","HTTP","149","GET /search/?q=jperkfqxwm HTTP/1.1 "
"270","36.803485833","192.168.52.110","23.7.125.53","HTTP","149","GET /search/?q=ejpqoczgas HTTP/1.1 "
"289","37.027223798","192.168.52.110","23.7.125.53","HTTP","149","GET /search/?q=icupwnpdcg HTTP/1.1 "
"308","37.253326172","192.168.52.110","23.7.125.53","HTTP","149","GET /search/?q=czlhbopugw HTTP/1.1 "
"329","37.481148899","192.168.52.110","23.7.125.53","HTTP","149","GET /search/?q=merxeiljxw HTTP/1.1 "
"370","37.722972088","192.168.52.110","23.7.125.53","HTTP","149","GET /search/?q=jtobnmiedj HTTP/1.1 "
"412","38.168744230","192.168.52.110","23.7.125.53","HTTP","149","GET /search/?q=ramoygrcka HTTP/1.1 "
"431","38.522908187","192.168.52.110","23.7.125.53","HTTP","149","GET /search/?q=kxmuwhhygh HTTP/1.1 "
"462","38.868112416","192.168.52.110","23.7.125.53","HTTP","149","GET /search/?q=gsfqlzclqt HTTP/1.1 "
"483","39.092833208","192.168.52.110","23.7.125.53","HTTP","149","GET /search/?q=uldlrzfldj HTTP/1.1 "
"504","39.323155965","192.168.52.110","23.7.125.53","HTTP","149","GET /search/?q=xysdnriydh HTTP/1.1 "
"533","39.571796248","192.168.52.110","23.7.125.53","HTTP","149","GET /search/?q=hsgqlmbcjz HTTP/1.1 "
"552","39.832843638","192.168.52.110","23.7.125.53","HTTP","149","GET /search/?q=lkafjvtevg HTTP/1.1 "
"573","40.176756612","192.168.52.110","23.10.112.128","HTTP","149","GET /search/?q=mrnmajncan HTTP/1.1 "
"592","40.399397390","192.168.52.110","23.7.125.53","HTTP","149","GET /search/?q=ruvofeptrw HTTP/1.1 "
"613","40.639456138","192.168.52.110","23.7.125.53","HTTP","149","GET /search/?q=bnvfsywbnx HTTP/1.1 "
"630","40.934419380","192.168.52.110","23.7.125.53","HTTP","149","GET /search/?q=xftshtraeh HTTP/1.1 "
"652","41.166939016","192.168.52.110","23.7.125.53","HTTP","149","GET /search/?q=nibrpieyrw HTTP/1.1 "
"669","41.402607995","192.168.52.110","23.7.125.53","HTTP","149","GET /search/?q=ewnhkwobus HTTP/1.1 "
"692","41.633362660","192.168.52.110","23.7.125.53","HTTP","149","GET /search/?q=eeawjbvqmc HTTP/1.1 "
"711","41.860623146","192.168.52.110","23.7.125.53","HTTP","149","GET /search/?q=wpyuifwsyd HTTP/1.1 "
"752","42.080260577","192.168.52.110","23.7.125.53","HTTP","149","GET /search/?q=tbjjamkxuh HTTP/1.1 "
"771","42.350844402","192.168.52.110","23.7.125.53","HTTP","149","GET /search/?q=frmsdyifik HTTP/1.1 "
"808","42.588678290","192.168.52.110","23.7.125.53","HTTP","149","GET /search/?q=nowdztkpic HTTP/1.1 "
"831","42.814391108","192.168.52.110","23.7.125.53","HTTP","149","GET /search/?q=yaffntzoit HTTP/1.1 "
"860","43.036095966","192.168.52.110","23.7.125.53","HTTP","149","GET /search/?q=afqyhedslp HTTP/1.1 "
"901","43.271896228","192.168.52.110","23.7.125.53","HTTP","149","GET /search/?q=cxobtswuci HTTP/1.1 "
"918","43.495792458","192.168.52.110","23.7.125.53","HTTP","149","GET /search/?q=dlbpakcxhr HTTP/1.1 "
"941","43.755324775","192.168.52.110","23.7.125.53","HTTP","149","GET /search/?q=icupwnpdcg HTTP/1.1 "
"964","43.908560177","192.168.52.110","23.7.125.53","HTTP","149","GET /search/?q=gvddgupumt HTTP/1.1 "
"984","44.159647065","192.168.52.110","23.7.125.53","HTTP","149","GET /search/?q=axcbyelcyb HTTP/1.1 "
"1011","44.395053696","192.168.52.110","23.7.125.53","HTTP","149","GET /search/?q=uyscqmvchw HTTP/1.1 "
"1030","44.624227301","192.168.52.110","23.7.125.53","HTTP","149","GET /search/?q=wlmjtnatgz HTTP/1.1 "
"1049","44.862282955","192.168.52.110","23.7.125.53","HTTP","149","GET /search/?q=ppdrvrkrju HTTP/1.1 "
"1068","45.158268867","192.168.52.110","23.7.125.53","HTTP","149","GET /search/?q=lsmsvczgrv HTTP/1.1 "
"1087","45.382051922","192.168.52.110","23.7.125.53","HTTP","149","GET /search/?q=nagljjbbtn HTTP/1.1 "
"1114","45.627247024","192.168.52.110","23.7.125.53","HTTP","149","GET /search/?q=faxuzyzwfl HTTP/1.1 "
"1133","45.863435562","192.168.52.110","23.7.125.53","HTTP","149","GET /search/?q=fnusdrbhvs HTTP/1.1 "
"1152","46.164812357","192.168.52.110","23.7.125.53","HTTP","149","GET /search/?q=hzrjpccjvx HTTP/1.1 "
"1169","46.391982748","192.168.52.110","23.7.125.53","HTTP","149","GET /search/?q=tuzmypsjcr HTTP/1.1 "
"1202","46.614043648","192.168.52.110","23.7.125.53","HTTP","149","GET /search/?q=hzrjpccjvx HTTP/1.1 "
"1221","46.770583325","192.168.52.110","23.7.125.53","HTTP","149","GET /search/?q=gujuksbsnz HTTP/1.1 "
"1244","46.992895026","192.168.52.110","23.7.125.53","HTTP","149","GET /search/?q=ndeskzgvzv HTTP/1.1 "
"1262","47.252031514","192.168.52.110","23.7.125.53","HTTP","149","GET /search/?q=kiqqxmustl HTTP/1.1 "
"1279","47.522137423","192.168.52.110","23.7.125.53","HTTP","149","GET /search/?q=dfoxzyjwms HTTP/1.1 "
"1300","47.825937278","192.168.52.110","23.7.125.53","HTTP","149","GET /search/?q=qtzclttlek HTTP/1.1 "
"1317","48.075980146","192.168.52.110","23.7.125.53","HTTP","149","GET /search/?q=rfvbtmebzh HTTP/1.1 "
"1334","48.386124425","192.168.52.110","23.7.125.53","HTTP","149","GET /search/?q=wvvotfotuf HTTP/1.1 "
"1353","48.686140059","192.168.52.110","23.7.125.53","HTTP","149","GET /search/?q=uohubihtny HTTP/1.1 "
"1385","49.302038727","192.168.52.110","23.7.125.53","HTTP","149","GET /search/?q=kzxltwewqx HTTP/1.1 "
"1408","49.551723753","192.168.52.110","23.7.125.53","HTTP","149","GET /search/?q=gkndekwpkc HTTP/1.1 "
"1427","49.782986930","192.168.52.110","23.7.125.53","HTTP","149","GET /search/?q=zgcgixndsj HTTP/1.1 "
"1446","50.173638886","192.168.52.110","23.10.112.128","HTTP","149","GET /search/?q=qbicckbsgb HTTP/1.1 "
"1467","50.398466450","192.168.52.110","23.10.112.128","HTTP","149","GET /search/?q=ewvyguxpwg HTTP/1.1 "
"1484","50.619696488","192.168.52.110","23.10.112.128","HTTP","149","GET /search/?q=czljwbixrm HTTP/1.1 "
"1501","50.844173316","192.168.52.110","23.10.112.128","HTTP","149","GET /search/?q=lhmdhfrxno HTTP/1.1 "
"1522","51.074103295","192.168.52.110","23.10.112.128","HTTP","149","GET /search/?q=cdyxjindvf HTTP/1.1 "
"1554","51.302857199","192.168.52.110","23.10.112.128","HTTP","149","GET /search/?q=gujuksbsnz HTTP/1.1 "
"1575","51.525098018","192.168.52.110","23.10.112.128","HTTP","149","GET /search/?q=cfgahkeysc HTTP/1.1 "
"1594","51.735427108","192.168.52.110","23.10.112.128","HTTP","149","GET /search/?q=czlhbopugw HTTP/1.1 "
"1619","51.976130528","192.168.52.110","23.10.112.128","HTTP","149","GET /search/?q=xokcfcryfm HTTP/1.1 "
"1638","52.193876701","192.168.52.110","23.10.112.128","HTTP","149","GET /search/?q=kxmuwhhygh HTTP/1.1 "
"1664","52.408572020","192.168.52.110","23.10.112.128","HTTP","149","GET /search/?q=fnusdrbhvs HTTP/1.1 "
"1687","52.624205712","192.168.52.110","23.10.112.128","HTTP","149","GET /search/?q=gynopfkvpl HTTP/1.1 "
"1714","52.867774945","192.168.52.110","23.10.112.128","HTTP","149","GET /search/?q=rfvbtmebzh HTTP/1.1 "
"1737","53.108771876","192.168.52.110","23.7.125.53","HTTP","149","GET /search/?q=ouaxyqrnjz HTTP/1.1 "
"1759","53.387274726","192.168.52.110","23.7.125.53","HTTP","149","GET /search/?q=omtiusprsd HTTP/1.1 "
"1780","53.632479178","192.168.52.110","23.10.112.128","HTTP","149","GET /search/?q=akytpqkyrb HTTP/1.1 "
"1819","53.863874382","192.168.52.110","23.10.112.128","HTTP","149","GET /search/?q=oqdmuxdkfd HTTP/1.1 "
"1836","54.102586789","192.168.52.110","23.10.112.128","HTTP","149","GET /search/?q=gpnuiimwdt HTTP/1.1 "
"1869","54.403406372","192.168.52.110","23.10.112.128","HTTP","149","GET /search/?q=eslqnsxmdq HTTP/1.1 "
"1886","54.647965672","192.168.52.110","23.10.112.128","HTTP","149","GET /search/?q=rfvbtmebzh HTTP/1.1 "
"1905","54.808272049","192.168.52.110","23.10.112.128","HTTP","149","GET /search/?q=czlhbopugw HTTP/1.1 "
"1922","54.938734528","192.168.52.110","23.10.112.128","HTTP","149","GET /search/?q=fxdoqvkujh HTTP/1.1 "
"1943","55.151132895","192.168.52.110","23.10.112.128","HTTP","149","GET /search/?q=mcoswelioj HTTP/1.1 "
"1962","55.367947871","192.168.52.110","23.10.112.128","HTTP","149","GET /search/?q=kiqqxmustl HTTP/1.1 "
"1985","55.589742432","192.168.52.110","23.10.112.128","HTTP","149","GET /search/?q=uldlrzfldj HTTP/1.1 "
"2006","55.813376322","192.168.52.110","23.10.112.128","HTTP","149","GET /search/?q=cdyxjindvf HTTP/1.1 "
"2029","55.983473178","192.168.52.110","23.10.112.128","HTTP","149","GET /search/?q=gpnuiimwdt HTTP/1.1 "
"2048","56.119996827","192.168.52.110","23.10.112.128","HTTP","149","GET /search/?q=tanhioowcl HTTP/1.1 "
"2076","56.351066805","192.168.52.110","23.10.112.128","HTTP","149","GET /search/?q=xxqrgwhtml HTTP/1.1 "
"2097","56.575423503","192.168.52.110","23.10.112.128","HTTP","149","GET /search/?q=wzrmhwssdu HTTP/1.1 "
"2118","56.788123078","192.168.52.110","23.10.112.128","HTTP","149","GET /search/?q=ppdrvrkrju HTTP/1.1 "
"2137","57.044019298","192.168.52.110","23.10.112.128","HTTP","149","GET /search/?q=tibhoimzms HTTP/1.1 "
"2154","57.291381653","192.168.52.110","23.10.112.128","HTTP","149","GET /search/?q=onphdplbbx HTTP/1.1 "
"2171","57.505844956","192.168.52.110","23.10.112.128","HTTP","149","GET /search/?q=rtbaxjaveq HTTP/1.1 "
"2194","57.715224031","192.168.52.110","23.10.112.128","HTTP","149","GET /search/?q=bnvfsywbnx HTTP/1.1 "
"2215","57.954517174","192.168.52.110","23.10.112.128","HTTP","149","GET /search/?q=omtiusprsd HTTP/1.1 "
"2240","58.172467210","192.168.52.110","23.7.125.53","HTTP","149","GET /search/?q=eeawjbvqmc HTTP/1.1 "
"2263","58.322358158","192.168.52.110","23.7.125.53","HTTP","149","GET /search/?q=czljwbixrm HTTP/1.1 "
"2282","58.555391614","192.168.52.110","23.7.125.53","HTTP","149","GET /search/?q=easjtfcnah HTTP/1.1 "
"2303","58.782423090","192.168.52.110","23.7.125.53","HTTP","149","GET /search/?q=klqckpfxwb HTTP/1.1 "
"2334","59.013166329","192.168.52.110","23.7.125.53","HTTP","149","GET /search/?q=oqdmuxdkfd HTTP/1.1 "
"2353","59.240151288","192.168.52.110","23.7.125.53","HTTP","149","GET /search/?q=ruvofeptrw HTTP/1.1 "
"2374","59.382739604","192.168.52.110","23.10.112.128","HTTP","149","GET /search/?q=bnvfsywbnx HTTP/1.1 "
"2391","59.521247486","192.168.52.110","23.10.112.128","HTTP","149","GET /search/?q=ouaxyqrnjz HTTP/1.1 "
"2416","59.751748272","192.168.52.110","23.10.112.128","HTTP","149","GET /search/?q=afqyhedslp HTTP/1.1 "
"2437","60.016232935","192.168.52.110","23.7.125.53","HTTP","149","GET /search/?q=hjrzhbgiib HTTP/1.1 "
"2456","60.253190338","192.168.52.110","23.7.125.53","HTTP","149","GET /search/?q=faxuzyzwfl HTTP/1.1 "
"2475","60.415576981","192.168.52.110","23.7.125.53","HTTP","149","GET /search/?q=rbxtlmaowh HTTP/1.1 "
"2496","60.651172984","192.168.52.110","23.7.125.53","HTTP","149","GET /search/?q=jtobnmiedj HTTP/1.1 "
"2515","60.971571017","192.168.52.110","23.10.112.128","HTTP","149","GET /search/?q=zevueddrtx HTTP/1.1 "
"2536","61.192272193","192.168.52.110","23.10.112.128","HTTP","149","GET /search/?q=hstohgwkkz HTTP/1.1 "
"2561","61.438289075","192.168.52.110","23.10.112.128","HTTP","149","GET /search/?q=vnrfbsfhww HTTP/1.1 "
"2582","61.651385927","192.168.52.110","23.10.112.128","HTTP","149","GET /search/?q=fdcadsyfwn HTTP/1.1 "
"2605","61.862320049","192.168.52.110","23.10.112.128","HTTP","149","GET /search/?q=egkoetxpay HTTP/1.1 "
"2622","62.101827458","192.168.52.110","23.10.112.128","HTTP","149","GET /search/?q=lclctzgzwc HTTP/1.1 "
"2653","62.317904044","192.168.52.110","23.10.112.128","HTTP","149","GET /search/?q=aquuglpazg HTTP/1.1 "
"2672","62.540356927","192.168.52.110","23.10.112.128","HTTP","149","GET /search/?q=gzsozahdji HTTP/1.1 "
"2693","62.756120448","192.168.52.110","23.10.112.128","HTTP","149","GET /search/?q=wfolfzabst HTTP/1.1 "
"2714","62.983301102","192.168.52.110","23.10.112.128","HTTP","149","GET /search/?q=pxrklwihkq HTTP/1.1 "
"2737","63.201808119","192.168.52.110","23.10.112.128","HTTP","149","GET /search/?q=xzdsyjefbc HTTP/1.1 "
"2766","63.414044217","192.168.52.110","23.10.112.128","HTTP","149","GET /search/?q=rtbaxjaveq HTTP/1.1 "
"2783","63.563913602","192.168.52.110","23.10.112.128","HTTP","149","GET /search/?q=xftshtraeh HTTP/1.1 "
"2804","63.791386873","192.168.52.110","23.10.112.128","HTTP","149","GET /search/?q=afqyhedslp HTTP/1.1 "
"2821","63.939330137","192.168.52.110","23.7.125.53","HTTP","149","GET /search/?q=gzsozahdji HTTP/1.1 "
"2864","64.172568558","192.168.52.110","23.7.125.53","HTTP","149","GET /search/?q=fnusdrbhvs HTTP/1.1 "
"2897","64.330597525","192.168.52.110","23.7.125.53","HTTP","149","GET /search/?q=ndaeqwegeq HTTP/1.1 "
"2916","64.569385254","192.168.52.110","23.7.125.53","HTTP","149","GET /search/?q=pvckqgzptq HTTP/1.1 "
"2937","64.789444870","192.168.52.110","23.7.125.53","HTTP","149","GET /search/?q=hwtynifwnv HTTP/1.1 "
"2954","64.949679355","192.168.52.110","23.7.125.53","HTTP","149","GET /search/?q=pjkkbxpfle HTTP/1.1 "
"2973","65.187448521","192.168.52.110","23.7.125.53","HTTP","149","GET /search/?q=hjrzhbgiib HTTP/1.1 "
"2990","65.347264705","192.168.52.110","23.7.125.53","HTTP","149","GET /search/?q=gsfqlzclqt HTTP/1.1 "
"3007","65.501374953","192.168.52.110","23.7.125.53","HTTP","149","GET /search/?q=vawuftkjeq HTTP/1.1 "
"3026","65.669583420","192.168.52.110","23.7.125.53","HTTP","149","GET /search/?q=bnvfsywbnx HTTP/1.1 "
"3043","65.825070944","192.168.52.110","23.7.125.53","HTTP","149","GET /search/?q=wpyuifwsyd HTTP/1.1 "
"3062","65.992092542","192.168.52.110","23.7.125.53","HTTP","149","GET /search/?q=ahiogytauv HTTP/1.1 "
"3085","66.161597286","192.168.52.110","23.7.125.53","HTTP","149","GET /search/?q=lhmdhfrxno HTTP/1.1 "
"3110","66.419193702","192.168.52.110","23.7.125.53","HTTP","149","GET /search/?q=jperkfqxwm HTTP/1.1 "
"3127","66.596494257","192.168.52.110","23.7.125.53","HTTP","149","GET /search/?q=zdfhqvedgy HTTP/1.1 "
"3144","66.845008442","192.168.52.110","23.7.125.53","HTTP","149","GET /search/?q=cnptqmqdlm HTTP/1.1 "
"3163","67.087706588","192.168.52.110","23.7.125.53","HTTP","149","GET /search/?q=gwqtfumxdi HTTP/1.1 "
"3184","67.314934052","192.168.52.110","23.7.125.53","HTTP","149","GET /search/?q=afqyhedslp HTTP/1.1 "
"3205","67.456750423","192.168.52.110","23.7.125.53","HTTP","149","GET /search/?q=mghqthewef HTTP/1.1 "
"3228","67.700801625","192.168.52.110","23.7.125.53","HTTP","149","GET /search/?q=gubynugvsj HTTP/1.1 "
"3271","67.872751685","192.168.52.110","23.7.125.53","HTTP","149","GET /search/?q=wozijtajxc HTTP/1.1 "
"3296","68.103129797","192.168.52.110","23.7.125.53","HTTP","149","GET /search/?q=akytpqkyrb HTTP/1.1 "
"3325","68.346224920","192.168.52.110","23.7.125.53","HTTP","149","GET /search/?q=vlezokixjz HTTP/1.1 "
"3346","68.636170947","192.168.52.110","23.7.125.53","HTTP","149","GET /search/?q=tmltmjqdle HTTP/1.1 "
"3371","68.865965170","192.168.52.110","23.7.125.53","HTTP","149","GET /search/?q=emkviwgiuf HTTP/1.1 "
"3396","69.085065637","192.168.52.110","23.7.125.53","HTTP","149","GET /search/?q=rbxtlmaowh HTTP/1.1 "
"3435","69.276010869","192.168.52.110","23.7.125.53","HTTP","149","GET /search/?q=empnymavxv HTTP/1.1 "
"3454","69.515166494","192.168.52.110","23.7.125.53","HTTP","149","GET /search/?q=omtiusprsd HTTP/1.1 "
"3473","69.683290825","192.168.52.110","23.7.125.53","HTTP","149","GET /search/?q=glgxaimylv HTTP/1.1 "
"3492","69.924917865","192.168.52.110","23.7.125.53","HTTP","149","GET /search/?q=rbxtlmaowh HTTP/1.1 "
"3525","70.074114905","192.168.52.110","23.7.125.53","HTTP","149","GET /search/?q=tanhioowcl HTTP/1.1 "
"3548","70.347334278","192.168.52.110","23.7.125.53","HTTP","149","GET /search/?q=zgcgixndsj HTTP/1.1 "
"3567","70.501981640","192.168.52.110","23.7.125.53","HTTP","149","GET /search/?q=zdrjvgdnah HTTP/1.1 "
"3586","70.732256015","192.168.52.110","23.7.125.53","HTTP","149","GET /search/?q=gkvsjceqmo HTTP/1.1 "
"3609","70.891833264","192.168.52.110","23.7.125.53","HTTP","149","GET /search/?q=wgkkdpkled HTTP/1.1 "
"3630","71.110203358","192.168.52.110","23.7.125.53","HTTP","149","GET /search/?q=jwcrpqvxzy HTTP/1.1 "
"3649","71.351964212","192.168.52.110","23.7.125.53","HTTP","149","GET /search/?q=zgcgixndsj HTTP/1.1 "
"3666","71.507788319","192.168.52.110","23.7.125.53","HTTP","149","GET /search/?q=pbzosdyzss HTTP/1.1 "
"3683","71.733892607","192.168.52.110","23.7.125.53","HTTP","149","GET /search/?q=onphdplbbx HTTP/1.1 "
"3704","71.967076229","192.168.52.110","23.7.125.53","HTTP","149","GET /search/?q=xrlfojjtjr HTTP/1.1 "
"3725","72.192660692","192.168.52.110","23.7.125.53","HTTP","149","GET /search/?q=xysdnriydh HTTP/1.1 "
"3750","72.343535018","192.168.52.110","23.7.125.53","HTTP","149","GET /search/?q=faxuzyzwfl HTTP/1.1 "
"3771","72.496043858","192.168.52.110","23.7.125.53","HTTP","149","GET /search/?q=jwcrpqvxzy HTTP/1.1 "
"3790","72.648358651","192.168.52.110","23.7.125.53","HTTP","149","GET /search/?q=mcvkrtaxhz HTTP/1.1 "
"3811","72.878892758","192.168.52.110","23.7.125.53","HTTP","149","GET /search/?q=wozijtajxc HTTP/1.1 "
"3840","73.026345244","192.168.52.110","23.10.112.128","HTTP","149","GET /search/?q=cckdujyorb HTTP/1.1 "
"3859","73.242877643","192.168.52.110","23.10.112.128","HTTP","149","GET /search/?q=gvddgupumt HTTP/1.1 "
"3876","73.462515852","192.168.52.110","23.10.112.128","HTTP","149","GET /search/?q=jtobnmiedj HTTP/1.1 "
"3903","73.695787828","192.168.52.110","23.10.112.128","HTTP","149","GET /search/?q=ilzhkpdhsf HTTP/1.1 "
"3920","73.919657627","192.168.52.110","23.10.112.128","HTTP","149","GET /search/?q=czlhbopugw HTTP/1.1 "
"3941","74.063918011","192.168.52.110","23.10.112.128","HTTP","149","GET /search/?q=mcvkrtaxhz HTTP/1.1 "
"3984","74.285940844","192.168.52.110","23.10.112.128","HTTP","149","GET /search/?q=vwpkibahtk HTTP/1.1 "
"4011","74.490691998","192.168.52.110","23.10.112.128","HTTP","149","GET /search/?q=ifvuqnpwum HTTP/1.1 "
"4028","74.706146246","192.168.52.110","23.10.112.128","HTTP","149","GET /search/?q=psskcvorut HTTP/1.1 "
"4045","74.925607291","192.168.52.110","23.10.112.128","HTTP","149","GET /search/?q=vawuftkjeq HTTP/1.1 "
"4065","75.149002734","192.168.52.110","23.10.112.128","HTTP","149","GET /search/?q=khixywjljv HTTP/1.1 "
"4090","75.388125953","192.168.52.110","23.10.112.128","HTTP","149","GET /search/?q=seprjtergg HTTP/1.1 "
"4123","75.639284029","192.168.52.110","23.7.125.53","HTTP","149","GET /search/?q=klqckpfxwb HTTP/1.1 "
"4140","75.793720147","192.168.52.110","23.7.125.53","HTTP","149","GET /search/?q=ilzhkpdhsf HTTP/1.1 "
"4157","76.032395809","192.168.52.110","23.7.125.53","HTTP","149","GET /search/?q=xysdnriydh HTTP/1.1 "
"4176","76.173072836","192.168.52.110","23.7.125.53","HTTP","149","GET /search/?q=khixywjljv HTTP/1.1 "
"4201","76.414986281","192.168.52.110","23.7.125.53","HTTP","149","GET /search/?q=qbicckbsgb HTTP/1.1 "
"4226","76.685445819","192.168.52.110","23.7.125.53","HTTP","149","GET /search/?q=pxrklwihkq HTTP/1.1 "
"4261","76.942007609","192.168.52.110","23.7.125.53","HTTP","149","GET /search/?q=cckdujyorb HTTP/1.1 "
"4280","77.165814465","192.168.52.110","23.7.125.53","HTTP","149","GET /search/?q=ihnbefovaz HTTP/1.1 "
"4303","77.504490052","192.168.52.110","23.7.125.53","HTTP","149","GET /search/?q=khixywjljv HTTP/1.1 "
"4320","77.658454291","192.168.52.110","23.7.125.53","HTTP","149","GET /search/?q=zybgjxeksh HTTP/1.1 "
"4337","77.891272071","192.168.52.110","23.7.125.53","HTTP","149","GET /search/?q=cxobtswuci HTTP/1.1 "
"4354","78.039227333","192.168.52.110","23.7.125.53","HTTP","149","GET /search/?q=pwqtclqbme HTTP/1.1 "
"4374","78.488262162","192.168.52.110","23.7.125.53","HTTP","149","GET /search/?q=xrlfojjtjr HTTP/1.1 "
"4395","78.627583370","192.168.52.110","23.7.125.53","HTTP","149","GET /search/?q=empnymavxv HTTP/1.1 "
"4412","78.770499660","192.168.52.110","23.7.125.53","HTTP","149","GET /search/?q=kxmuwhhygh HTTP/1.1 "
"4431","78.926484982","192.168.52.110","23.7.125.53","HTTP","149","GET /search/?q=vlezokixjz HTTP/1.1 "
"4448","79.074651309","192.168.52.110","23.7.125.53","HTTP","149","GET /search/?q=chtisgbads HTTP/1.1 "
"4465","79.213926480","192.168.52.110","23.7.125.53","HTTP","149","GET /search/?q=tuzmypsjcr HTTP/1.1 "
"4488","79.364551824","192.168.52.110","23.7.125.53","HTTP","149","GET /search/?q=mbhzhndniw HTTP/1.1 "
"4507","79.586577439","192.168.52.110","23.7.125.53","HTTP","149","GET /search/?q=zdrjvgdnah HTTP/1.1 "
"4524","79.736247161","192.168.52.110","23.7.125.53","HTTP","149","GET /search/?q=gynopfkvpl HTTP/1.1 "
"4543","79.978531642","192.168.52.110","23.7.125.53","HTTP","149","GET /search/?q=onphdplbbx HTTP/1.1 "
"4574","80.123072559","192.168.52.110","23.7.125.53","HTTP","149","GET /search/?q=oqdmuxdkfd HTTP/1.1 "
"4597","80.274489086","192.168.52.110","23.7.125.53","HTTP","149","GET /search/?q=uldlrzfldj HTTP/1.1 "
"4616","80.420000972","192.168.52.110","23.10.112.128","HTTP","149","GET /search/?q=zevueddrtx HTTP/1.1 "
"4641","80.611338300","192.168.52.110","23.10.112.128","HTTP","149","GET /search/?q=cfgahkeysc HTTP/1.1 "
"4662","80.784421579","192.168.52.110","23.10.112.128","HTTP","149","GET /search/?q=onphdplbbx HTTP/1.1 "
"4681","80.922270502","192.168.52.110","23.10.112.128","HTTP","149","GET /search/?q=frmsdyifik HTTP/1.1 "
"4705","81.135645936","192.168.52.110","23.10.112.128","HTTP","149","GET /search/?q=yaffntzoit HTTP/1.1 "
"4726","81.348507298","192.168.52.110","23.10.112.128","HTTP","149","GET /search/?q=ouaxyqrnjz HTTP/1.1 "
"4743","81.507650002","192.168.52.110","23.10.112.128","HTTP","149","GET /search/?q=ekuyygpjly HTTP/1.1 "
"4772","81.721612444","192.168.52.110","23.10.112.128","HTTP","149","GET /search/?q=ouaxyqrnjz HTTP/1.1 "
"4791","81.858829452","192.168.52.110","23.10.112.128","HTTP","149","GET /search/?q=faxuzyzwfl HTTP/1.1 "
"4812","82.066384923","192.168.52.110","23.10.112.128","HTTP","149","GET /search/?q=gpnuiimwdt HTTP/1.1 "
"4831","82.211096560","192.168.52.110","23.10.112.128","HTTP","149","GET /search/?q=mbhzhndniw HTTP/1.1 "
"4872","82.424553810","192.168.52.110","23.10.112.128","HTTP","149","GET /search/?q=eslqnsxmdq HTTP/1.1 "
"4891","82.558070239","192.168.52.110","23.10.112.128","HTTP","149","GET /search/?q=auyyxxriyf HTTP/1.1 "
